<?xml version="1.0" encoding="UTF-8"?>
<project-private xmlns="http://www.netbeans.org/ns/project-private/1">
    <editor-bookmarks xmlns="http://www.netbeans.org/ns/editor-bookmarks/2" lastBookmarkId="0"/>
    <open-files xmlns="http://www.netbeans.org/ns/projectui-open-files/2">
        <group>
            <file>file:/C:/Users/mohit/OneDrive/Desktop/Mohit%20Joshi/project/NetBeansProjects/Bank%20Managment%20System/src/bank/managment/system/Transaction.java</file>
            <file>file:/C:/Users/mohit/OneDrive/Desktop/Mohit%20Joshi/project/NetBeansProjects/Bank%20Managment%20System/src/bank/managment/system/Login.java</file>
            <file>file:/C:/Users/mohit/OneDrive/Desktop/Mohit%20Joshi/project/NetBeansProjects/Bank%20Managment%20System/src/bank/managment/system/Conn.java</file>
            <file>file:/C:/Users/mohit/OneDrive/Desktop/Mohit%20Joshi/project/NetBeansProjects/Bank%20Managment%20System/src/bank/managment/system/Balance.java</file>
            <file>file:/C:/Users/mohit/OneDrive/Desktop/Mohit%20Joshi/project/NetBeansProjects/Bank%20Managment%20System/src/bank/managment/system/MiniStatement.java</file>
            <file>file:/C:/Users/mohit/OneDrive/Desktop/Mohit%20Joshi/project/NetBeansProjects/Bank%20Managment%20System/src/bank/managment/system/SignUpThree.java</file>
            <file>file:/C:/Users/mohit/OneDrive/Desktop/Mohit%20Joshi/project/NetBeansProjects/Bank%20Managment%20System/src/bank/managment/system/PinChange.java</file>
            <file>file:/C:/Users/mohit/OneDrive/Desktop/Mohit%20Joshi/project/NetBeansProjects/Bank%20Managment%20System/src/bank/managment/system/Deposit.java</file>
            <file>file:/C:/Users/mohit/OneDrive/Desktop/Mohit%20Joshi/project/NetBeansProjects/Bank%20Managment%20System/src/bank/managment/system/SignUpTwo.java</file>
            <file>file:/C:/Users/mohit/OneDrive/Desktop/Mohit%20Joshi/project/NetBeansProjects/Bank%20Managment%20System/src/bank/managment/system/FastCash.java</file>
            <file>file:/C:/Users/mohit/OneDrive/Desktop/Mohit%20Joshi/project/NetBeansProjects/Bank%20Managment%20System/src/bank/managment/system/Withdrawl.java</file>
            <file>file:/C:/Users/mohit/OneDrive/Desktop/Mohit%20Joshi/project/NetBeansProjects/Bank%20Managment%20System/src/bank/managment/system/SignUpOne.java</file>
        </group>
    </open-files>
</project-private>
